{"accuracy/val":0.06793908227848101,"_step":24,"accuracy/train":0.0978478144989339,"_wandb":{"runtime":467},"_runtime":467.875997544,"loss/val":2.3167854985104332,"epoch":24,"_timestamp":1.739980780471194e+09,"loss/train":2.3515752154881002}