{"_runtime":265.671640848,"accuracy/val":0.07842167721518987,"_timestamp":1.7401228285041554e+09,"_step":14,"accuracy/train":0.09854744136460554,"epoch":14,"_wandb":{"runtime":265},"loss/train":2.3489925490259362,"loss/val":2.3153738341753995}