{"_wandb":{"runtime":347},"_runtime":347.716345022,"accuracy/train":0.10160692075867134,"loss/val":2.3047232084636446,"_step":20,"_timestamp":1.7401240920583375e+09,"epoch":20,"loss/train":2.3355580962288864,"accuracy/val":0.09740901898734178}