{"loss/val":2.3116779659367817,"_wandb":{"runtime":398},"accuracy/val":0.09246439873417721,"_timestamp":1.7399817030030224e+09,"loss/train":2.3477851907327487,"epoch":21,"_runtime":398.293940161,"_step":21,"accuracy/train":0.09939698827292111}