{"loss/val":2.3033849468714074,"loss/train":2.3428247503634454,"accuracy/train":0.10215662758169906,"accuracy/val":0.12312104430379747,"_timestamp":1.7401236714795487e+09,"_step":17,"_wandb":{"runtime":331},"epoch":17,"_runtime":331.485703428}