{"_timestamp":1.7401331463329554e+09,"epoch":149,"_wandb":{"runtime":4797},"loss/val":0.1828986074822613,"_step":149,"accuracy/val":0.9479825949367089,"loss/train":0.08437247773104195,"accuracy/train":0.9749078270214707,"_runtime":4797.963532527}