{"_wandb":{"runtime":3528},"_step":149,"accuracy/train":0.9772787846481876,"accuracy/val":0.987440664556962,"epoch":149,"_runtime":3528.501784461,"loss/val":0.036089118564194896,"loss/train":0.07625825287921152,"_timestamp":1.7401277100420864e+09}