{"accuracy":0.2402,"lr":1e-07,"recall, macro":0.24020000000000002,"train_acc":0,"recall, micro":0.2402,"loss":1.2055301666259766,"f1_score, micro":0.2402,"f1_score, macro":0.2276627506667872,"_timestamp":1.739896576091516e+09,"accuracy, top5":0.8606,"_wandb":{"runtime":2015},"train_acc_top5":0,"_step":19550,"auc, ovo":0.8904669111111111,"_runtime":2015.3293042,"auc, ovr":0.8904669111111112}