{"_timestamp":1.7399797120270388e+09,"_runtime":2758.814326552,"accuracy/val":0.12084651898734178,"loss/val":2.3080800424648236,"loss/train":2.344848508265481,"_wandb":{"runtime":2758},"epoch":149,"_step":149,"accuracy/train":0.1008351101740591}