{"lr":0.000131,"train_acc":0,"train_acc_top5":0,"_timestamp":1.7398931552257829e+09,"_wandb":{"runtime":24},"_runtime":24.762667657,"_step":262,"loss":2.3597147464752197}