{"loss":2.2605490684509277,"lr":2.95e-05,"train_acc":0,"train_acc_top5":0,"_wandb":{"runtime":4},"_timestamp":1.7399656237941692e+09,"_runtime":4.204696343,"_step":59}