{"_runtime":665.84588326,"loss":1.874031901359558,"accuracy":0.7052,"auc, ovo":0.9875399023078859,"recall, micro":0.7052,"train_acc":0,"_timestamp":1.7399652572953482e+09,"recall, macro":0.7010897068123245,"lr":0.00041797597700886526,"f1_score, macro":0.6533135650167139,"accuracy, top5":0.9082,"_step":14287,"f1_score, micro":0.7052,"_wandb":{"runtime":665},"train_acc_top5":0,"auc, ovr":0.9875400805398966}