{"loss/val":2.306258379658566,"epoch":4,"_step":4,"_runtime":98.114556137,"_timestamp":1.7399820593569083e+09,"loss/train":2.3461381850212115,"accuracy/val":0.08386075949367089,"_wandb":{"runtime":98},"accuracy/train":0.09875288735956017}