{"_runtime":119.662356385,"_step":5,"_wandb":{"runtime":119},"loss/train":2.346438724603226,"accuracy/train":0.10084621535181236,"loss/val":2.3051840081999573,"accuracy/val":0.11145174050632911,"_timestamp":1.7399738514652572e+09}