{"_runtime":21.086175462,"_step":469,"loss":1.96426522731781,"lr":0.00023449999999999998,"train_acc":0,"train_acc_top5":0,"_timestamp":1.7399643951176548e+09,"_wandb":{"runtime":21}}