{"_step":60,"loss":2.2818055152893066,"lr":3e-05,"train_acc":0,"train_acc_top5":0,"_wandb":{"runtime":4},"_timestamp":1.7399656876652985e+09,"_runtime":4.280021542}