{"train_loss":2.3461246124462787,"train_accuracy":0.10199004975653915,"val_loss":2.3125590734843966,"val_accuracy":0.09553006329113924,"_timestamp":1.7399733503887959e+09,"_wandb":{"runtime":520},"_runtime":520.399529689,"_step":27}