{"loss/val":2.3132227191442176,"_step":22,"loss/train":2.345994695671586,"_timestamp":1.7401233005816538e+09,"accuracy/train":0.10084621535181236,"_runtime":430.736876258,"_wandb":{"runtime":430},"accuracy/val":0.08969541139240507,"epoch":22}