{"_runtime":841.518160832,"accuracy/val":0.9887262658227848,"_wandb":{"runtime":841},"_timestamp":1.7399830303196507e+09,"_step":149,"accuracy/train":0.9747967750533049,"loss/val":0.032995086525054056,"loss/train":0.08464952620234825,"epoch":149}