{"accuracy/train":0.984424973347548,"epoch":149,"accuracy/val":0.5642800632911392,"loss/val":1.8103464343879796,"loss/train":0.051199706175974184,"_timestamp":1.7401383789534314e+09,"_wandb":{"runtime":3325},"_runtime":3325.046151998,"_step":149}