{"_wandb":{"runtime":10697},"accuracy/val":0.9671677215189873,"_timestamp":1.7399938909848235e+09,"_step":149,"loss/train":0.08818098733515374,"accuracy/train":0.9735085732901274,"loss/val":0.10534912378960466,"_runtime":10697.307348334,"epoch":149}