{"_runtime":162.646511502,"_step":9,"accuracy/val":0.13538370253164558,"loss/val":2.2973950724058514,"_wandb":{"runtime":162},"epoch":9,"_timestamp":1.740128295004461e+09,"loss/train":2.33634150002811,"accuracy/train":0.10056303304904052}