{"accuracy/train":0.10010216774335548,"_runtime":1705.22760045,"loss/val":2.3034672616403316,"epoch":92,"_wandb":{"runtime":1705},"loss/train":2.3445999210577275,"_timestamp":1.740122123996472e+09,"_step":92,"accuracy/val":0.09295886075949367}